ticker,snapshot_date,market_cap,beta,open_price,high,low,close_price,adjusted_close,volume,ema_50d,ema_200d,hi_250d,lo_250d,avgvol_14d,avgvol_50d,avgvol_200d
14D,2025-05-05,5180022,1.147,0.018,0.018,0.018,0.018,0.018,181000,0.021,0.039,0.085,0.017,221650.0,247752.0,178949.0
14D,2025-05-06,5180022,1.147,0.018,0.02,0.018,0.018,0.018,259267,0.021,0.039,0.084,0.017,227669.0,235961.0,180028.0
14D,2025-05-07,5180022,1.147,0.018,0.019,0.017,0.017,0.017,452830,0.02,0.039,0.083,0.017,220392.0,240567.0,182208.0
14D,2025-05-08,5180022,1.147,0.016,0.018,0.016,0.017,0.017,274040,0.02,0.038,0.082,0.017,228748.0,239064.0,183495.0
14D,2025-05-09,5180022,1.147,0.017,0.018,0.017,0.018,0.018,178215,0.0,0.0,0.0,0.0,0.0,0.0,0.0
1CG,2025-05-05,9423041,-0.726,0.007,0.007,0.007,0.007,0.007,1902023,0.009,0.01,0.017,0.007,461389.0,579883.0,916723.0
1CG,2025-05-06,9423041,-0.726,0.007,0.007,0.006,0.006,0.006,5843927,0.008,0.01,0.017,0.006,878813.0,694882.0,942703.0
1CG,2025-05-07,9423041,-0.726,0.006,0.007,0.006,0.007,0.007,2109954,0.008,0.01,0.017,0.006,1023570.0,698752.0,953068.0
1CG,2025-05-08,9423041,-0.726,0.007,0.008,0.007,0.007,0.007,854428,0.008,0.01,0.017,0.006,1072100.0,711762.0,955008.0
1CG,2025-05-09,9423041,-0.726,0.007,0.007,0.006,0.007,0.007,8915747,0.0,0.0,0.0,0.0,0.0,0.0,0.0
3DA,2025-05-05,200189904,1.026,0.25,0.27,0.25,0.26,0.26,625599,0.263,0.322,0.48,0.205,440485.0,607568.0,495755.0
3DA,2025-05-06,200189904,1.026,0.255,0.255,0.25,0.255,0.255,24365,0.263,0.322,0.48,0.205,406381.0,607318.0,494610.0
3DA,2025-05-07,200189904,1.026,0.25,0.26,0.245,0.26,0.26,767098,0.263,0.321,0.465,0.205,404059.0,619994.0,496463.0
3DA,2025-05-08,200189904,1.026,0.245,0.265,0.245,0.265,0.265,248504,0.263,0.32,0.465,0.205,409349.0,599701.0,496764.0
3DA,2025-05-09,200189904,1.026,0.265,0.285,0.26,0.285,0.285,465620,0.0,0.0,0.0,0.0,0.0,0.0,0.0
A3D,2025-05-05,18388132,0.423,0.061,0.061,0.058,0.058,0.058,458868,0.062,0.067,0.11,0.038,380888.0,485095.0,757270.0
A3D,2025-05-06,18388132,0.423,0.06,0.062,0.059,0.059,0.059,239863,0.062,0.066,0.11,0.038,396608.0,472397.0,748889.0
A3D,2025-05-07,18388132,0.423,0.059,0.059,0.058,0.058,0.058,99126,0.061,0.066,0.11,0.042,400071.0,459382.0,741238.0
A3D,2025-05-08,18388132,0.423,0.06,0.06,0.055,0.058,0.058,650440,0.061,0.066,0.11,0.043,409620.0,466282.0,736724.0
A3D,2025-05-09,18388132,0.423,0.056,0.056,0.053,0.055,0.055,157011,0.061,0.066,0.11,0.05,415554.0,432682.0,733608.0
AAL,2025-05-05,101738736,0.0,0.375,0.4,0.375,0.38,0.38,50922,0.394,0.333,0.0,0.0,67642.0,80610.3,136781.0
AAL,2025-05-06,101738736,0.0,0.38,0.39,0.38,0.39,0.39,27934,0.394,0.333,0.0,0.0,64423.0,79145.8,135413.0
AAL,2025-05-07,101738736,0.0,0.39,0.39,0.39,0.39,0.39,90000,0.394,0.334,0.0,0.0,65095.1,80326.4,134885.0
AAL,2025-05-08,101738736,0.0,0.39,0.39,0.39,0.39,0.39,181,0.393,0.334,0.0,0.0,56712.4,75819.4,134316.0
AAL,2025-05-09,101738736,0.0,0.39,0.395,0.38,0.395,0.395,133185,0.393,0.335,0.0,0.0,62342.2,77808.8,133205.0
ACF,2025-05-05,311034560,0.291,1.06,1.06,1.03,1.03,1.03,115112,1.042,1.033,1.148,0.885,466970.0,578762.0,484499.0
ACF,2025-05-06,311034560,0.291,1.05,1.05,1.035,1.04,1.04,68014,1.042,1.033,1.148,0.885,459212.0,578915.0,484134.0
ACF,2025-05-07,311034560,0.291,1.05,1.055,1.035,1.055,1.055,152445,1.042,1.034,1.148,0.885,440941.0,577928.0,483265.0
ACF,2025-05-08,311034560,0.291,1.06,1.06,1.04,1.045,1.045,339948,1.042,1.034,1.148,0.885,435867.0,583309.0,483111.0
ACF,2025-05-09,311034560,0.291,1.045,1.05,1.035,1.035,1.035,137889,0.0,0.0,0.0,0.0,0.0,0.0,0.0
AJL,2025-05-05,8254380,-0.8,0.006,0.006,0.006,0.006,0.006,0,0.007,0.009,0.012,0.004,1246340.0,1091700.0,637612.0
AJL,2025-05-06,8254380,-0.8,0.006,0.006,0.006,0.006,0.006,0,0.007,0.009,0.012,0.004,1228970.0,1091700.0,637294.0
AJL,2025-05-07,8254380,-0.8,0.005,0.007,0.005,0.007,0.007,2293101,0.007,0.009,0.012,0.004,1237260.0,1137560.0,646373.0
AJL,2025-05-08,8254380,-0.8,0.006,0.007,0.006,0.007,0.007,556812,0.007,0.009,0.012,0.004,1277030.0,1141390.0,649136.0
AJL,2025-05-09,8254380,-0.8,0.007,0.007,0.007,0.007,0.007,0,0.007,0.009,0.012,0.004,953582.0,1131370.0,649030.0
AL3,2025-05-05,83349856,0.833,0.145,0.15,0.14,0.15,0.15,317990,0.147,0.141,0.245,0.056,1012780.0,1311900.0,2427960.0
AL3,2025-05-06,83349856,0.833,0.15,0.155,0.15,0.155,0.155,535056,0.147,0.141,0.245,0.056,1022020.0,1307920.0,2418460.0
AL3,2025-05-07,83349856,0.833,0.155,0.155,0.145,0.15,0.15,679762,0.147,0.141,0.245,0.056,1007050.0,1309480.0,2405960.0
AL3,2025-05-08,83349856,0.833,0.145,0.15,0.145,0.1475,0.1475,218735,0.147,0.141,0.245,0.056,974413.0,1306380.0,2381260.0
AL3,2025-05-09,83349856,0.833,0.15,0.155,0.1475,0.1475,0.1475,417070,0.0,0.0,0.0,0.0,0.0,0.0,0.0
ANG,2025-05-05,233939808,0.373,0.415,0.425,0.4,0.4,0.4,1087390,0.436,0.471,0.645,0.389,1041600.0,1352720.0,1419950.0
ANG,2025-05-06,233939808,0.373,0.405,0.405,0.39,0.4,0.4,511213,0.434,0.471,0.645,0.389,921317.0,1334620.0,1412150.0
ANG,2025-05-07,233939808,0.373,0.405,0.405,0.395,0.4,0.4,519872,0.433,0.47,0.645,0.389,870217.0,1318130.0,1412600.0
ANG,2025-05-08,233939808,0.373,0.4,0.4,0.38,0.385,0.385,5212603,0.431,0.469,0.645,0.385,1146830.0,1387180.0,1423670.0
ANG,2025-05-09,233939808,0.373,0.39,0.39,0.36,0.38,0.38,2660346,0.429,0.481,0.645,0.38,1292280.0,1423990.0,1433340.0
ASB,2025-05-05,2489173760,0.665,5.11,5.23,5.055,5.12,5.12,2016462,4.453,3.529,5.31,2.1,2395940.0,2557910.0,1325200.0
ASB,2025-05-06,2489173760,0.665,5.11,5.19,5.08,5.13,5.13,1844947,4.48,3.545,5.31,2.1,2186670.0,2573970.0,1332570.0
ASB,2025-05-07,2489173760,0.665,5.17,5.17,4.99,5.08,5.08,989007,4.503,3.561,5.31,2.1,2056350.0,2520970.0,1336130.0
ASB,2025-05-08,2489173760,0.665,5.14,5.28,5.08,5.21,5.21,1787453,4.531,3.577,5.31,2.1,1874300.0,2522990.0,1343990.0
ASB,2025-05-09,2489173760,0.665,5.2,5.28,5.17,5.23,5.23,1092190,4.558,3.571,5.31,2.1,1694340.0,2493390.0,1347910.0
BMH,2025-05-05,1792725,0.238,0.0333,0.0333,0.0333,0.0333,0.0333,0,0.043,0.066,0.085,0.032,6605.93,2948.44,737.74
BMH,2025-05-06,1792725,0.238,0.0333,0.0333,0.0333,0.0333,0.0333,0,0.043,0.065,0.085,0.032,6605.93,2850.14,737.74
BMH,2025-05-07,1792725,0.238,0.0333,0.0333,0.0333,0.0333,0.0333,0,0.043,0.065,0.085,0.032,6605.93,2850.14,737.74
BMH,2025-05-08,1792725,0.238,0.0333,0.0333,0.0333,0.0333,0.0333,0,0.042,0.065,0.085,0.032,6605.93,2850.14,737.74
BMH,2025-05-09,1792725,0.238,0.0333,0.0333,0.0333,0.0333,0.0333,0,0.042,0.064,0.085,0.032,6605.93,2850.14,737.74
BOL,2025-05-05,59225748,0.558,1.51,1.51,1.455,1.455,1.455,144916,1.461,1.412,1.61,1.2,78223.7,77531.3,43943.4
BOL,2025-05-06,59225748,0.558,1.51,1.59,1.51,1.5575,1.5575,13272,1.464,1.414,1.61,1.2,79023.1,76453.6,43811.7
BOL,2025-05-07,59225748,0.558,1.525,1.565,1.525,1.54,1.54,2384,1.467,1.415,1.61,1.2,78597.9,70697.2,43807.3
BOL,2025-05-08,59225748,0.558,1.595,1.595,1.48,1.48,1.48,5592,1.468,1.416,1.61,1.2,78904.7,68002.3,43774.6
BOL,2025-05-09,59225748,0.558,1.49,1.49,1.47,1.49,1.49,3172,1.469,1.417,1.61,1.2,73492.4,67131.8,43701.5
BPP,2025-05-05,18227050,1.88,0.0066,0.0066,0.0055,0.0055,0.005,910000,0.005,0.005,0.007,0.005,1176870.0,626085.0,1220610.0
BPP,2025-05-06,18227050,1.88,0.0055,0.0055,0.0055,0.0055,0.005,0,0.005,0.005,0.007,0.005,1176300.0,626085.0,1220610.0
BPP,2025-05-07,18227050,1.88,0.005,0.005,0.005,0.005,0.0046,0,0.005,0.005,0.007,0.005,1047730.0,626085.0,1202700.0
BPP,2025-05-08,18227050,1.88,0.005,0.005,0.005,0.005,0.0046,0,0.005,0.005,0.007,0.005,1047730.0,621084.0,1192380.0
BPP,2025-05-09,18227050,1.88,0.006,0.006,0.005,0.005,0.0046,1128795,0.005,0.005,0.007,0.005,1085500.0,643660.0,1198030.0
CPV,2025-05-05,42912000,0.928,0.195,0.195,0.18,0.18,0.18,290911,0.201,0.281,0.6,0.18,247162.0,240580.0,290751.0
CPV,2025-05-06,42912000,0.928,0.18,0.18,0.17,0.175,0.175,516273,0.2,0.28,0.6,0.175,284039.0,245205.0,292017.0
CPV,2025-05-07,42912000,0.928,0.185,0.185,0.17,0.175,0.175,277463,0.199,0.279,0.6,0.175,296698.0,246389.0,292592.0
CPV,2025-05-08,42912000,0.928,0.18,0.18,0.17,0.175,0.175,124081,0.198,0.278,0.6,0.175,275158.0,244955.0,290982.0
CPV,2025-05-09,42912000,0.928,0.175,0.18,0.175,0.18,0.18,263446,0.198,0.294,0.6,0.175,272869.0,247710.0,290091.0
CVL,2025-05-05,551752896,-0.006,0.9,0.935,0.855,0.855,0.855,148032,0.936,1.029,1.353,0.833,170623.0,169561.0,160201.0
CVL,2025-05-06,551752896,-0.006,0.895,0.9,0.87,0.88,0.88,310019,0.934,1.027,1.353,0.835,183531.0,170503.0,160428.0
CVL,2025-05-07,551752896,-0.006,0.885,0.92,0.87,0.9,0.9,461628,0.932,1.026,1.353,0.835,199880.0,174551.0,161655.0
CVL,2025-05-08,551752896,-0.006,0.92,0.925,0.9,0.905,0.905,268991,0.931,1.025,1.353,0.835,200828.0,177114.0,162668.0
CVL,2025-05-09,551752896,-0.006,0.9,0.985,0.9,0.985,0.985,321087,0.0,0.0,0.0,0.0,0.0,0.0,0.0
CYG,2025-05-05,96625712,-0.055,0.925,0.95,0.925,0.95,0.95,35429,0.981,1.148,1.505,0.855,42118.8,48758.3,59984.0
CYG,2025-05-06,96625712,-0.055,0.93,0.93,0.925,0.925,0.925,317,0.979,1.145,1.505,0.855,42118.6,48744.6,58379.4
CYG,2025-05-07,96625712,-0.055,0.93,0.9325,0.925,0.9325,0.9325,172791,0.977,1.143,1.505,0.855,51284.1,52200.4,58985.0
CYG,2025-05-08,96625712,-0.055,0.92,0.92,0.87,0.92,0.92,9666,0.975,1.141,1.505,0.855,50492.5,51217.0,58993.0
CYG,2025-05-09,96625712,-0.055,0.92,0.94,0.89,0.9,0.9,32856,0.972,1.154,1.505,0.855,49325.7,51874.1,59004.0
DDB,2025-05-05,40085360,-0.089,0.28,0.28,0.28,0.28,0.28,0,0.274,0.258,0.29,0.16,1428.57,7529.96,246410.0
DDB,2025-05-06,40085360,-0.089,0.28,0.28,0.28,0.28,0.28,0,0.275,0.259,0.29,0.16,1428.57,7529.96,246410.0
DDB,2025-05-07,40085360,-0.089,0.28,0.28,0.28,0.28,0.28,0,0.275,0.259,0.29,0.16,1428.57,7529.96,246388.0
DDB,2025-05-08,40085360,-0.089,0.28,0.28,0.28,0.28,0.28,0,0.275,0.259,0.29,0.16,1428.57,7529.96,246388.0
DDB,2025-05-09,40085360,-0.089,0.28,0.28,0.28,0.28,0.28,0,0.0,0.0,0.0,0.0,0.0,0.0,0.0
DRO,2025-05-05,1377084032,0.819,1.36,1.38,1.32,1.32,1.32,7957834,1.019,0.928,2.6,0.59,13786400.0,13842400.0,13725200.0
DRO,2025-05-06,1377084032,0.819,1.32,1.345,1.3,1.305,1.305,4763508,1.03,0.932,2.6,0.59,13419500.0,13433500.0,13628800.0
DRO,2025-05-07,1377084032,0.819,1.285,1.29,1.205,1.28,1.28,11387775,1.04,0.936,2.6,0.59,12837500.0,13243600.0,13399200.0
DRO,2025-05-08,1377084032,0.819,1.29,1.315,1.22,1.24,1.24,7332935,1.047,0.939,2.6,0.59,11608000.0,13017300.0,13270200.0
DRO,2025-05-09,1377084032,0.819,1.24,1.38,1.2325,1.355,1.355,19263209,1.06,0.943,2.6,0.59,12142100.0,13021500.0,13198800.0
DUR,2025-05-05,369751360,0.521,1.64,1.6975,1.62,1.64,1.64,185641,1.628,1.494,1.76,0.937,226522.0,337031.0,339411.0
DUR,2025-05-06,369751360,0.521,1.63,1.67,1.58,1.65,1.65,619839,1.629,1.495,1.76,0.957,253934.0,320309.0,340893.0
DUR,2025-05-07,369751360,0.521,1.655,1.655,1.555,1.555,1.555,455512,1.626,1.496,1.76,0.957,245603.0,320827.0,342199.0
DUR,2025-05-08,369751360,0.521,1.595,1.625,1.585,1.6,1.6,509968,1.625,1.497,1.76,0.995,274503.0,326591.0,343609.0
DUR,2025-05-09,369751360,0.521,1.605,1.61,1.58,1.585,1.585,65639,1.624,1.469,1.76,0.995,261044.0,324956.0,342264.0
ECL,2025-05-05,93072344,0.113,3.21,3.25,3.2,3.24,3.24,2010,3.171,3.023,3.3,2.569,6392.14,5485.94,7827.1
ECL,2025-05-06,93072344,0.113,3.2,3.2,3.2,3.2,3.2,92,3.172,3.025,3.3,2.569,3206.07,5478.38,7807.83
ECL,2025-05-09,93072344,0.113,3.26,3.26,3.2,3.2,3.2,300,3.174,0.0,0.0,0.0,3119.21,5480.38,0.0
EGL,2025-05-05,95124496,0.406,0.23,0.235,0.23,0.2325,0.2325,83945,0.239,0.275,0.41,0.195,240607.0,568011.0,443352.0
EGL,2025-05-06,95124496,0.406,0.235,0.24,0.23,0.24,0.24,129886,0.239,0.274,0.41,0.195,248768.0,401724.0,443780.0
EGL,2025-05-07,95124496,0.406,0.24,0.26,0.24,0.24,0.24,2673156,0.24,0.274,0.41,0.195,412893.0,429072.0,455275.0
EGL,2025-05-08,95124496,0.406,0.24,0.245,0.24,0.245,0.245,76426,0.24,0.274,0.41,0.195,410719.0,387385.0,452633.0
EGL,2025-05-09,95124496,0.406,0.24,0.25,0.24,0.245,0.245,9396,0.24,0.278,0.41,0.195,410185.0,377569.0,449892.0
EGN,2025-05-05,91637968,0.203,0.29,0.29,0.285,0.285,0.285,126476,0.267,0.222,0.3,0.161,21186.0,76177.9,39398.3
EGN,2025-05-06,91637968,0.203,0.285,0.285,0.285,0.285,0.285,0,0.268,0.223,0.3,0.161,20471.7,76177.9,39398.3
EGN,2025-05-07,91637968,0.203,0.285,0.285,0.285,0.285,0.285,0,0.268,0.224,0.3,0.161,17366.4,76177.9,39398.3
EGN,2025-05-08,91637968,0.203,0.285,0.285,0.285,0.285,0.285,0,0.269,0.224,0.3,0.161,17366.4,76177.9,39398.3
EGN,2025-05-09,91637968,0.203,0.285,0.285,0.285,0.285,0.285,0,0.27,0.22,0.3,0.161,17015.1,76119.9,39398.3
EGY,2025-05-05,13387410,-0.016,0.028,0.03,0.028,0.03,0.03,166667,0.03,0.033,0.04,0.028,56918.1,63951.1,65990.9
EGY,2025-05-06,13387410,-0.016,0.03,0.03,0.03,0.03,0.03,0,0.03,0.033,0.04,0.028,45778.6,63951.1,65990.9
EGY,2025-05-07,13387410,-0.016,0.03,0.03,0.03,0.03,0.03,0,0.03,0.033,0.04,0.028,45778.6,63951.1,65665.4
EGY,2025-05-08,13387410,-0.016,0.03,0.03,0.03,0.03,0.03,0,0.03,0.033,0.04,0.028,45492.9,63951.1,65665.4
EGY,2025-05-09,13387410,-0.016,0.03,0.03,0.03,0.03,0.03,0,0.03,0.033,0.04,0.028,45492.9,63951.1,65665.4
EHL,2025-05-05,409516256,0.781,0.765,0.765,0.745,0.75,0.75,396520,0.809,0.819,0.98,0.685,292791.0,468092.0,413964.0
EHL,2025-05-06,409516256,0.781,0.745,0.76,0.74,0.76,0.76,839730,0.807,0.819,0.98,0.685,338712.0,477381.0,417128.0
EHL,2025-05-07,409516256,0.781,0.765,0.77,0.76,0.765,0.765,460808,0.805,0.818,0.98,0.685,349804.0,473720.0,416773.0
EHL,2025-05-08,409516256,0.781,0.77,0.775,0.76,0.77,0.77,1276666,0.804,0.818,0.98,0.685,424243.0,492314.0,419535.0
EHL,2025-05-09,409516256,0.781,0.775,0.775,0.755,0.755,0.755,484322,0.802,0.817,0.98,0.685,443238.0,480451.0,420173.0
EMB,2025-05-05,17974974,-0.033,8.4,8.4,8.4,8.4,8.4,0,8.429,8.508,9.212,7.955,102.14,55.74,84.44
EMB,2025-05-06,17974974,-0.033,8.4,8.4,8.4,8.4,8.4,0,8.428,8.506,9.212,7.955,102.14,55.74,84.44
EMB,2025-05-07,17974974,-0.033,8.4,8.4,8.4,8.4,8.4,0,8.427,8.505,9.212,7.955,102.14,55.74,83.19
EMB,2025-05-08,17974974,-0.033,8.4,8.4,8.4,8.4,8.4,0,8.426,8.504,9.212,7.955,102.14,55.74,82.69
EMB,2025-05-09,17974974,-0.033,8.4,8.4,8.4,8.4,8.4,538,8.425,8.507,9.212,7.955,140.57,66.5,85.38
EOS,2025-05-05,397481120,1.599,1.24,1.25,1.205,1.215,1.215,347635,1.22,1.291,1.92,1.05,723920.0,667467.0,657149.0
EOS,2025-05-06,397481120,1.599,1.21,1.235,1.2,1.2,1.2,711537,1.219,1.29,1.92,1.05,673286.0,669225.0,654033.0
EOS,2025-05-07,397481120,1.599,1.19,1.21,1.14,1.15,1.15,1003633,1.216,1.288,1.92,1.05,705116.0,680652.0,653325.0
EOS,2025-05-08,397481120,1.599,1.145,1.155,1.1,1.12,1.12,752762,1.213,1.287,1.92,1.05,667688.0,670458.0,655359.0
EOS,2025-05-09,397481120,1.599,1.12,1.17,1.11,1.145,1.145,510644,1.21,1.285,1.92,1.05,656705.0,651279.0,654797.0
EVZ,2025-05-05,17599520,0.016,0.145,0.1475,0.145,0.1475,0.1475,128149,0.155,0.158,0.2,0.13,57908.8,43934.5,48285.4
EVZ,2025-05-06,17599520,0.016,0.15,0.155,0.15,0.155,0.155,5369,0.155,0.158,0.2,0.13,28351.6,44041.9,48280.0
EVZ,2025-05-07,17599520,0.016,0.155,0.155,0.155,0.155,0.155,0,0.155,0.158,0.2,0.13,27608.1,44041.9,47955.7
EVZ,2025-05-08,17599520,0.016,0.155,0.155,0.155,0.155,0.155,0,0.155,0.158,0.2,0.13,26718.4,44041.9,47047.5
EVZ,2025-05-09,17599520,0.016,0.15,0.16,0.15,0.155,0.155,67833,0.155,0.158,0.2,0.13,31563.6,45398.5,47250.7
FBR,2025-05-05,28447250,0.867,0.006,0.006,0.005,0.006,0.006,8254820,0.013,0.027,0.058,0.005,15369000.0,19266000.0,10836800.0
FBR,2025-05-06,28447250,0.867,0.006,0.006,0.0055,0.006,0.006,9391300,0.013,0.027,0.058,0.005,12674800.0,19293400.0,10798700.0
FBR,2025-05-07,28447250,0.867,0.005,0.006,0.005,0.006,0.006,4129022,0.013,0.026,0.058,0.005,10982800.0,18394700.0,10763100.0
FBR,2025-05-08,28447250,0.867,0.005,0.006,0.005,0.006,0.006,3351610,0.013,0.026,0.058,0.005,10750200.0,18007100.0,10681700.0
FBR,2025-05-09,28447250,0.867,0.006,0.006,0.0055,0.006,0.006,6243791,0.012,0.026,0.058,0.005,11030300.0,18031600.0,10653400.0
FBU,2025-05-05,3170955008,0.895,2.91,3.0,2.91,2.98,2.98,1397583,2.902,2.913,3.22,2.488,921854.0,1109690.0,1119680.0
FBU,2025-05-06,3170955008,0.895,2.96,3.01,2.95,2.96,2.96,429286,2.904,2.914,3.22,2.488,913195.0,1067850.0,1119210.0
FBU,2025-05-07,3170955008,0.895,2.96,3.05,2.93,3.05,3.05,1438700,2.91,2.915,3.17,2.488,982143.0,1080500.0,1121030.0
FBU,2025-05-08,3170955008,0.895,3.08,3.11,3.03,3.08,3.08,1214410,2.916,2.917,3.17,2.488,1010090.0,1087930.0,1124140.0
FBU,2025-05-09,3170955008,0.895,3.03,3.1,3.03,3.08,3.08,660233,2.923,2.873,3.17,2.488,1005500.0,1082090.0,1124570.0
FOS,2025-05-05,16432171,0.187,0.32,0.32,0.32,0.32,0.32,0,0.304,0.291,0.395,0.192,8072.21,16887.9,19798.1
FOS,2025-05-06,16432171,0.187,0.32,0.32,0.32,0.32,0.32,0,0.305,0.291,0.395,0.192,8072.21,16887.9,19798.1
FOS,2025-05-07,16432171,0.187,0.315,0.33,0.315,0.32,0.32,5444,0.306,0.291,0.395,0.192,8461.07,16385.5,19825.3
FOS,2025-05-08,16432171,0.187,0.315,0.32,0.315,0.32,0.32,3287,0.306,0.292,0.395,0.192,8423.36,15987.7,19841.7
FOS,2025-05-09,16432171,0.187,0.32,0.32,0.32,0.32,0.32,0,0.0,0.0,0.0,0.0,0.0,0.0,0.0
GNP,2025-05-05,607226816,0.359,2.98,3.0,2.91,2.96,2.96,147497,2.721,2.487,2.99,1.772,255312.0,263375.0,237775.0
GNP,2025-05-06,607226816,0.359,2.94,3.0,2.94,2.98,2.98,85357,2.731,2.492,2.99,1.772,252004.0,262979.0,236204.0
GNP,2025-05-07,607226816,0.359,2.94,3.0,2.88,2.9,2.9,228947,2.738,2.496,2.99,1.772,247365.0,265826.0,236578.0
GNP,2025-05-08,607226816,0.359,2.93,2.98,2.92,2.94,2.94,845254,2.745,2.501,2.99,1.772,298280.0,262420.0,239993.0
GNP,2025-05-09,607226816,0.359,2.98,3.08,2.95,3.0,3.0,661157,0.0,0.0,0.0,0.0,0.0,0.0,0.0
GWA,2025-05-05,620579648,0.753,2.47,2.47,2.35,2.35,2.35,71394,2.318,2.324,2.512,2.087,106245.0,198362.0,195654.0
GWA,2025-05-06,620579648,0.753,2.36,2.43,2.34,2.43,2.43,55883,2.323,2.325,2.512,2.087,106214.0,191329.0,195630.0
GWA,2025-05-07,620579648,0.753,2.35,2.445,2.3,2.43,2.43,362536,2.327,2.326,2.512,2.087,127193.0,189982.0,197053.0
GWA,2025-05-08,620579648,0.753,2.445,2.445,2.36,2.36,2.36,14552,2.328,2.326,2.512,2.087,127078.0,189253.0,195248.0
GWA,2025-05-09,620579648,0.753,2.36,2.41,2.36,2.4,2.4,31245,0.0,0.0,0.0,0.0,0.0,0.0,0.0
HCL,2025-05-05,19509660,0.005,0.175,0.175,0.175,0.175,0.175,6347,0.186,0.175,0.285,0.12,51278.2,93841.5,217826.0
HCL,2025-05-06,19509660,0.005,0.17,0.17,0.165,0.165,0.165,83526,0.185,0.175,0.285,0.12,49523.8,94600.9,217756.0
HCL,2025-05-07,19509660,0.005,0.165,0.165,0.165,0.165,0.165,0,0.184,0.175,0.285,0.12,48867.2,94326.6,217197.0
HCL,2025-05-08,19509660,0.005,0.17,0.185,0.17,0.185,0.185,86600,0.184,0.175,0.285,0.12,53978.5,95955.8,217097.0
HCL,2025-05-09,19509660,0.005,0.18,0.18,0.175,0.18,0.18,31455,0.0,0.0,0.0,0.0,0.0,0.0,0.0
HNG,2025-05-05,152494928,0.083,0.265,0.265,0.245,0.255,0.255,192393,0.257,0.285,0.342,0.22,74881.1,110905.0,103744.0
HNG,2025-05-06,152494928,0.083,0.255,0.26,0.245,0.245,0.245,343771,0.257,0.285,0.342,0.22,97748.7,117780.0,104537.0
HNG,2025-05-07,152494928,0.083,0.25,0.25,0.245,0.245,0.245,115540,0.256,0.284,0.342,0.22,102144.0,119691.0,104926.0
HNG,2025-05-08,152494928,0.083,0.245,0.25,0.24,0.25,0.25,166430,0.256,0.284,0.342,0.22,94276.2,121076.0,105701.0
HNG,2025-05-09,152494928,0.083,0.245,0.245,0.24,0.245,0.245,278360,0.256,0.283,0.342,0.22,112943.0,126394.0,107078.0
IFT,2025-05-05,9487243264,0.2,10.27,10.43,10.27,10.33,10.33,388148,9.705,10.098,11.91,8.74,382552.0,386743.0,362674.0
IFT,2025-05-06,9487243264,0.2,10.4,10.77,10.39,10.61,10.61,276194,9.741,10.103,11.91,8.74,364317.0,383631.0,363673.0
IFT,2025-05-07,9487243264,0.2,10.78,10.91,10.63,10.79,10.79,484384,9.782,10.11,11.91,8.74,320568.0,388166.0,364605.0
IFT,2025-05-08,9487243264,0.2,10.73,10.74,10.445,10.55,10.55,425042,9.812,10.114,11.91,8.74,326246.0,390447.0,364888.0
IFT,2025-05-09,9487243264,0.2,10.55,10.74,10.52,10.63,10.63,164834,9.844,10.119,11.91,8.74,310571.0,383642.0,365095.0
IG6,2025-05-05,11226364,0.253,0.069,0.075,0.069,0.07,0.07,394541,0.052,0.067,0.12,0.04,296107.0,142305.0,162109.0
IG6,2025-05-06,11226364,0.253,0.067,0.068,0.065,0.067,0.067,63770,0.053,0.067,0.12,0.04,296324.0,143580.0,162386.0
IG6,2025-05-07,11226364,0.253,0.067,0.067,0.067,0.067,0.067,0,0.053,0.067,0.12,0.04,295610.0,143563.0,160968.0
IG6,2025-05-08,11226364,0.253,0.065,0.067,0.065,0.067,0.067,9000,0.054,0.067,0.12,0.04,284039.0,143661.0,160727.0
IG6,2025-05-09,11226364,0.253,0.065,0.065,0.063,0.063,0.063,167339,0.0,0.0,0.0,0.0,0.0,0.0,0.0
IPG,2025-05-05,309008128,0.808,4.08,4.08,3.89,3.89,3.89,83972,3.818,4.058,5.039,3.467,93515.9,153345.0,242109.0
IPG,2025-05-06,309008128,0.808,3.93,3.97,3.85,3.9,3.9,70845,3.821,4.056,5.039,3.467,92079.2,150808.0,242113.0
IPG,2025-05-07,309008128,0.808,3.9,3.97,3.89,3.92,3.92,16776,3.825,4.055,5.039,3.467,89192.2,150190.0,241337.0
IPG,2025-05-08,309008128,0.808,3.95,4.01,3.93,3.96,3.96,81026,3.83,4.054,5.039,3.467,90475.6,146056.0,241555.0
IPG,2025-05-09,309008128,0.808,4.01,4.01,3.89,3.89,3.89,322768,0.0,0.0,0.0,0.0,0.0,0.0,0.0
JLG,2025-05-05,730434048,0.291,2.38,2.42,2.325,2.34,2.34,895981,2.477,3.631,6.21,1.96,1429320.0,3580260.0,1869930.0
JLG,2025-05-06,730434048,0.291,2.33,2.355,2.3,2.32,2.32,1096463,2.471,3.618,6.21,1.96,1438010.0,3564850.0,1874450.0
JLG,2025-05-07,730434048,0.291,2.32,2.34,2.27,2.33,2.33,744312,2.466,3.605,6.19,1.96,1339680.0,3556390.0,1876770.0
JLG,2025-05-08,730434048,0.291,2.32,2.34,2.28,2.3,2.3,612247,2.459,3.592,6.19,1.96,1310550.0,3551940.0,1878760.0
JLG,2025-05-09,730434048,0.291,2.3,2.31,2.25,2.29,2.29,762101,2.452,3.579,6.19,1.96,1268320.0,3038080.0,1881480.0
KOV,2025-05-05,126998280,0.501,10.2,10.3,10.2,10.295,10.295,2878,9.618,9.52,10.704,8.221,3603.5,6727.92,9346.99
KOV,2025-05-06,126998280,0.501,10.3,10.3,10.2,10.2,10.2,1025,9.64,9.527,10.704,8.221,3608.0,6578.68,9311.59
KOV,2025-05-07,126998280,0.501,10.2,10.3,10.0,10.0,10.0,8899,9.655,9.532,10.704,8.221,4188.64,6708.58,9340.22
KOV,2025-05-08,126998280,0.501,10.1,10.22,10.02,10.22,10.22,1353,9.677,9.538,10.704,8.221,3962.43,6629.32,9295.85
KOV,2025-05-09,126998280,0.501,10.29,10.3,10.245,10.3,10.3,1564,9.701,9.546,10.704,8.221,4005.93,6495.98,9290.15
LBL,2025-05-05,43531240,-0.039,0.435,0.45,0.425,0.44,0.44,181904,0.41,0.526,0.712,0.335,118884.0,242576.0,143642.0
LBL,2025-05-06,43531240,-0.039,0.445,0.46,0.44,0.44,0.44,54965,0.411,0.525,0.712,0.335,99370.9,241798.0,143290.0
LBL,2025-05-07,43531240,-0.039,0.44,0.445,0.42,0.42,0.42,100242,0.412,0.524,0.712,0.335,99450.2,204790.0,141580.0
LBL,2025-05-08,43531240,-0.039,0.42,0.435,0.42,0.42,0.42,118539,0.412,0.523,0.712,0.335,106300.0,202519.0,141582.0
LBL,2025-05-09,43531240,-0.039,0.43,0.43,0.41,0.41,0.41,55508,0.412,0.522,0.712,0.335,103000.0,200312.0,141570.0
LIS,2025-05-05,64020000,0.88,0.105,0.105,0.1,0.1,0.1,145320,0.113,0.127,0.255,0.096,121740.0,157377.0,411317.0
LIS,2025-05-06,64020000,0.88,0.105,0.105,0.1,0.1,0.1,75832,0.112,0.127,0.255,0.096,113790.0,158615.0,410756.0
LIS,2025-05-07,64020000,0.88,0.105,0.11,0.105,0.11,0.11,15109,0.112,0.127,0.255,0.096,110846.0,157354.0,410680.0
LIS,2025-05-08,64020000,0.88,0.11,0.11,0.105,0.11,0.11,31530,0.112,0.127,0.255,0.096,110404.0,155507.0,410708.0
LIS,2025-05-09,64020000,0.88,0.105,0.11,0.1025,0.105,0.105,126806,0.0,0.0,0.0,0.0,0.0,0.0,0.0
LYL,2025-05-05,421639136,0.162,10.95,10.95,10.37,10.56,10.56,71650,10.58,10.778,13.656,9.826,35418.1,45271.6,54591.1
LYL,2025-05-06,421639136,0.162,10.61,10.76,10.57,10.7,10.7,17830,10.585,10.777,13.656,9.826,35616.1,43633.1,54450.3
LYL,2025-05-07,421639136,0.162,10.77,10.99,10.77,10.79,10.79,12050,10.593,10.777,13.656,9.826,33594.4,42323.8,54330.1
LYL,2025-05-08,421639136,0.162,10.83,10.83,10.59,10.72,10.72,71397,10.598,10.777,13.656,9.826,35506.1,42999.3,54527.9
LYL,2025-05-09,421639136,0.162,10.73,10.9,10.69,10.73,10.73,43473,10.603,11.013,13.656,9.826,35541.8,42278.8,54541.0
MGH,2025-05-05,1487361152,0.393,3.95,3.97,3.92,3.93,3.93,365298,3.893,4.176,4.916,3.51,454121.0,766471.0,400104.0
MGH,2025-05-06,1487361152,0.393,3.94,3.95,3.88,3.91,3.91,178510,3.894,4.173,4.916,3.51,429968.0,698096.0,400413.0
MGH,2025-05-07,1487361152,0.393,3.96,4.02,3.86,4.01,4.01,208432,3.898,4.171,4.916,3.51,427320.0,672987.0,400980.0
MGH,2025-05-08,1487361152,0.393,4.7,4.99,4.12,4.44,4.44,1087634,3.92,4.174,4.916,3.51,469283.0,656216.0,405512.0
MGH,2025-05-09,1487361152,0.393,4.49,4.51,4.375,4.4,4.4,333653,0.0,0.0,0.0,0.0,0.0,0.0,0.0
MND,2025-05-05,1709829760,0.88,16.16,16.2,15.87,15.9,15.9,156032,15.225,14.035,16.31,10.887,208679.0,265537.0,245462.0
MND,2025-05-06,1709829760,0.88,15.99,16.28,15.89,16.18,16.18,222084,15.263,14.056,16.31,10.887,214904.0,261338.0,245162.0
MND,2025-05-07,1709829760,0.88,16.19,16.4,16.1,16.4,16.4,218003,15.307,14.08,16.4,10.887,218895.0,259046.0,245464.0
MND,2025-05-08,1709829760,0.88,16.4,16.5,16.29,16.45,16.45,205957,15.352,14.103,16.45,10.887,222035.0,257116.0,245357.0
MND,2025-05-09,1709829760,0.88,16.43,16.51,16.31,16.43,16.43,261328,15.394,14.126,16.45,10.887,219069.0,258316.0,244518.0
MPP,2025-05-05,12234948,0.139,0.06,0.06,0.06,0.06,0.06,0,0.064,0.074,0.086,0.04,24053.1,7836.56,7176.6
MPP,2025-05-06,12234948,0.139,0.06,0.06,0.06,0.06,0.06,0,0.064,0.074,0.086,0.04,24053.1,7836.56,7176.6
MPP,2025-05-07,12234948,0.139,0.059,0.066,0.059,0.066,0.066,2901,0.064,0.074,0.086,0.04,23010.3,7894.58,7191.1
MPP,2025-05-08,12234948,0.139,0.066,0.066,0.066,0.066,0.066,0,0.064,0.074,0.086,0.04,23010.3,7894.58,7191.1
MPP,2025-05-09,12234948,0.139,0.066,0.066,0.066,0.066,0.066,0,0.064,0.074,0.086,0.04,23010.3,7894.58,7191.1
MPW,2025-05-05,142126800,2.4845,0.46,0.465,0.45,0.46,0.46,80499,1.025,1.023,4.712,0.36,227807.0,547501.0,136875.0
MPW,2025-05-06,142126800,2.4845,0.44,0.45,0.44,0.45,0.45,11494,1.003,1.017,4.712,0.36,211165.0,547731.0,136933.0
MPW,2025-05-07,142126800,2.4845,0.44,0.44,0.42,0.435,0.435,87603,0.981,1.011,4.712,0.36,192419.0,549483.0,137371.0
MPW,2025-05-08,142126800,2.4845,0.435,0.46,0.415,0.46,0.46,157853,0.96,1.006,4.712,0.36,176630.0,552640.0,138160.0
MPW,2025-05-09,142126800,2.4845,0.465,0.465,0.45,0.46,0.46,141409,0.941,1.0,4.712,0.36,154703.0,555468.0,138867.0
MSI,2025-05-05,784195,-0.185,0.004,0.004,0.004,0.004,0.004,0,0.004,0.005,0.013,0.004,0.0,2206.0,1195.85
MSI,2025-05-06,784195,-0.185,0.004,0.004,0.004,0.004,0.004,0,0.004,0.005,0.013,0.004,0.0,2206.0,1195.85
MSI,2025-05-07,784195,-0.185,0.004,0.004,0.004,0.004,0.004,0,0.004,0.005,0.013,0.004,0.0,2206.0,1195.85
MSI,2025-05-08,784195,-0.185,0.004,0.004,0.004,0.004,0.004,0,0.004,0.005,0.013,0.004,0.0,2106.0,1195.85
MSI,2025-05-09,784195,-0.185,0.004,0.004,0.004,0.004,0.004,0,0.0,0.0,0.0,0.0,0.0,0.0,0.0
MXI,2025-05-05,127523040,0.318,2.03,2.09,2.0,2.02,2.02,16958,2.004,1.951,2.14,1.641,20282.9,52699.4,28592.6
MXI,2025-05-06,127523040,0.318,2.02,2.02,2.02,2.02,2.02,21,2.005,1.951,2.14,1.641,20059.1,52674.7,28589.5
MXI,2025-05-07,127523040,0.318,2.05,2.05,2.05,2.05,2.05,2000,2.007,1.952,2.14,1.641,18895.4,49294.3,28589.4
MXI,2025-05-08,127523040,0.318,2.05,2.05,2.03,2.05,2.05,4491,2.008,1.953,2.14,1.641,19182.9,49203.6,28611.4
MXI,2025-05-09,127523040,0.318,2.07,2.08,2.07,2.07,2.07,9179,2.011,1.954,2.14,1.641,19263.5,49315.6,28657.2
MYG,2025-05-05,105144360,0.4,1.03,1.03,1.03,1.03,1.03,0,0.994,0.887,1.2,0.642,2857.07,20469.9,34785.2
MYG,2025-05-06,105144360,0.4,1.0,1.0,1.0,1.0,1.0,2,0.995,0.888,1.2,0.642,2153.36,20103.1,34284.8
MYG,2025-05-07,105144360,0.4,1.05,1.05,1.05,1.05,1.05,23157,0.997,0.89,1.2,0.642,3037.36,20334.9,34012.6
MYG,2025-05-08,105144360,0.4,1.025,1.05,1.025,1.025,1.025,2279,0.998,0.891,1.2,0.642,3200.14,18425.5,33916.0
MYG,2025-05-09,105144360,0.4,1.04,1.04,1.04,1.04,1.04,3000,0.0,0.0,0.0,0.0,0.0,0.0,0.0
NWH,2025-05-05,1294334336,0.914,2.74,2.76,2.67,2.67,2.67,707601,2.763,3.084,3.903,2.31,1401310.0,1500710.0,1188650.0
NWH,2025-05-06,1294334336,0.914,2.71,2.77,2.68,2.74,2.74,1006964,2.762,3.08,3.903,2.31,1330190.0,1520850.0,1175840.0
NWH,2025-05-07,1294334336,0.914,2.7,2.77,2.7,2.76,2.76,651875,2.762,3.077,3.903,2.31,1280340.0,1533890.0,1171890.0
NWH,2025-05-08,1294334336,0.914,2.78,2.82,2.77,2.81,2.81,703192,2.764,3.074,3.903,2.31,1214650.0,1547950.0,1170550.0
NWH,2025-05-09,1294334336,0.914,2.82,2.85,2.805,2.83,2.83,702677,2.767,3.034,3.903,2.31,1135340.0,1562000.0,1169250.0
OEC,2025-05-05,15324540,0.378,0.09,0.09,0.089,0.089,0.089,9900,0.094,0.101,0.145,0.076,21498.9,59903.3,83149.9
OEC,2025-05-06,15324540,0.378,0.089,0.09,0.089,0.09,0.09,3400,0.094,0.101,0.145,0.076,16829.6,59453.3,80682.8
OEC,2025-05-07,15324540,0.378,0.093,0.093,0.088,0.088,0.088,169327,0.094,0.1,0.145,0.076,28905.0,62467.5,81462.7
OEC,2025-05-08,15324540,0.378,0.09,0.09,0.09,0.09,0.09,52251,0.093,0.1,0.145,0.076,28933.0,62412.6,81566.2
OEC,2025-05-09,15324540,0.378,0.093,0.093,0.09,0.09,0.09,4983,0.093,0.097,0.145,0.076,29288.9,58496.4,81528.1
OLH,2025-05-05,5212836,0.012,0.039,0.04,0.039,0.039,0.039,219181,0.049,0.06,0.091,0.039,41765.9,17694.5,13454.5
OLH,2025-05-06,5212836,0.012,0.039,0.039,0.039,0.039,0.039,180,0.049,0.06,0.091,0.039,41778.8,17150.8,13380.4
OLH,2025-05-07,5212836,0.012,0.039,0.039,0.039,0.039,0.039,0,0.049,0.059,0.091,0.039,41778.8,17150.8,13380.4
OLH,2025-05-08,5212836,0.012,0.039,0.039,0.039,0.039,0.039,0,0.048,0.059,0.091,0.039,41778.8,17150.8,13338.2
OLH,2025-05-09,5212836,0.012,0.039,0.039,0.039,0.039,0.039,0,0.048,0.061,0.091,0.039,41028.8,17150.8,13338.2
RDG,2025-05-05,20656020,0.517,0.008,0.008,0.008,0.008,0.008,5000,0.011,0.019,0.034,0.007,181893.0,306024.0,232630.0
RDG,2025-05-06,20656020,0.517,0.009,0.009,0.008,0.008,0.008,282500,0.011,0.019,0.034,0.007,202071.0,310308.0,234043.0
RDG,2025-05-07,20656020,0.517,0.008,0.008,0.008,0.008,0.008,197247,0.01,0.019,0.034,0.007,215032.0,311453.0,234863.0
RDG,2025-05-08,20656020,0.517,0.008,0.009,0.008,0.008,0.008,236410,0.01,0.019,0.034,0.007,172293.0,313601.0,233572.0
RDG,2025-05-09,20656020,0.517,0.008,0.008,0.008,0.008,0.008,791590,0.01,0.019,0.034,0.007,228835.0,329033.0,236530.0
RDX,2025-05-05,1391465216,0.0,2.95,2.97,2.78,2.79,2.79,287370,3.012,3.268,4.474,2.65,327740.0,853116.0,444370.0
RDX,2025-05-06,1391465216,0.0,2.79,2.8,2.73,2.75,2.75,209112,3.001,3.263,4.474,2.65,307316.0,813608.0,443946.0
RDX,2025-05-07,1391465216,0.0,2.915,2.915,2.705,2.75,2.75,251825,2.992,3.258,4.474,2.65,307137.0,766794.0,444440.0
RDX,2025-05-08,1391465216,0.0,2.76,2.82,2.73,2.8,2.8,551741,2.984,3.253,4.474,2.65,322539.0,757297.0,446312.0
RDX,2025-05-09,1391465216,0.0,2.8,2.85,2.78,2.8,2.8,337872,0.0,0.0,0.0,0.0,0.0,0.0,0.0
REH,2025-05-05,10542458880,0.903,16.44,16.59,16.16,16.16,16.16,671585,16.828,21.006,28.891,14.23,859456.0,885449.0,540696.0
REH,2025-05-06,10542458880,0.903,16.15,16.2,15.75,15.77,15.77,768878,16.786,20.954,28.891,14.23,857082.0,890218.0,543026.0
REH,2025-05-07,10542458880,0.903,15.78,15.82,15.43,15.61,15.61,911983,16.74,20.901,28.891,14.23,863379.0,898626.0,546065.0
REH,2025-05-08,10542458880,0.903,15.75,15.99,15.56,15.99,15.99,668600,16.711,20.852,28.891,14.23,843964.0,878474.0,547798.0
REH,2025-05-09,10542458880,0.903,16.19,16.38,16.12,16.2,16.2,487757,16.691,20.806,28.891,14.23,822874.0,862818.0,548068.0
REM,2025-05-05,9197870,0.81,0.069,0.069,0.062,0.062,0.062,371248,0.053,0.039,0.069,0.017,202194.0,198418.0,185749.0
REM,2025-05-06,9197870,0.81,0.063,0.063,0.061,0.061,0.061,38075,0.054,0.039,0.069,0.017,200712.0,199167.0,185451.0
REM,2025-05-07,9197870,0.81,0.061,0.061,0.061,0.061,0.061,51536,0.054,0.039,0.069,0.017,197331.0,196994.0,185497.0
REM,2025-05-08,9197870,0.81,0.06,0.06,0.059,0.059,0.059,107953,0.054,0.039,0.069,0.017,198828.0,197522.0,186037.0
REM,2025-05-09,9197870,0.81,0.06,0.06,0.058,0.058,0.058,107957,0.0,0.0,0.0,0.0,0.0,0.0,0.0
RFT,2025-05-05,8296680,0.693,0.006,0.007,0.006,0.007,0.007,1155349,0.007,0.01,0.015,0.006,316409.0,740429.0,736035.0
RFT,2025-05-06,8296680,0.693,0.007,0.007,0.006,0.006,0.006,1746682,0.007,0.01,0.015,0.006,441172.0,774143.0,662191.0
RFT,2025-05-07,8296680,0.693,0.007,0.009,0.007,0.007,0.007,2920184,0.007,0.01,0.015,0.006,649757.0,830160.0,676217.0
RFT,2025-05-08,8296680,0.693,0.007,0.007,0.007,0.007,0.007,0,0.007,0.01,0.015,0.006,639019.0,813537.0,674681.0
RFT,2025-05-09,8296680,0.693,0.0075,0.008,0.0075,0.008,0.008,600000,0.007,0.01,0.015,0.006,647272.0,819267.0,676235.0
RFX,2025-05-05,25635548,0.337,0.097,0.097,0.097,0.097,0.097,0,0.097,0.103,0.125,0.085,0.0,0.0,20991.1
RFX,2025-05-06,25635548,0.337,0.097,0.097,0.097,0.097,0.097,0,0.097,0.103,0.125,0.085,0.0,0.0,20974.8
RFX,2025-05-07,25635548,0.337,0.097,0.097,0.097,0.097,0.097,0,0.097,0.103,0.125,0.085,0.0,0.0,20328.3
RFX,2025-05-08,25635548,0.337,0.097,0.097,0.097,0.097,0.097,0,0.097,0.103,0.125,0.085,0.0,0.0,20080.9
RFX,2025-05-09,25635548,0.337,0.097,0.097,0.097,0.097,0.097,0,0.097,0.099,0.125,0.085,0.0,0.0,20080.0
RWC,2025-05-05,3403571712,0.886,4.04,4.23,4.02,4.09,4.09,2572632,4.409,4.867,6.02,3.74,2514680.0,2794040.0,2151290.0
RWC,2025-05-06,3403571712,0.886,4.09,4.16,4.05,4.09,4.09,1879154,4.397,4.859,6.02,3.74,2491680.0,2758810.0,2148020.0
RWC,2025-05-07,3403571712,0.886,4.14,4.16,3.985,4.15,4.15,2405296,4.387,4.852,6.02,3.74,2449480.0,2776510.0,2149740.0
RWC,2025-05-08,3403571712,0.886,4.18,4.35,4.135,4.31,4.31,4545945,4.384,4.847,6.02,3.74,2629140.0,2820570.0,2164670.0
RWC,2025-05-09,3403571712,0.886,4.31,4.46,4.305,4.43,4.43,3173581,4.386,4.842,6.02,3.74,2724950.0,2839620.0,2169220.0
SGH,2025-05-05,21615665152,1.227,51.28,51.94,51.07,51.29,51.29,404054,49.128,0.0,0.0,0.0,418494.0,526082.0,0.0
SGH,2025-05-06,21615665152,1.227,51.03,51.03,49.87,50.15,50.15,680271,49.168,0.0,0.0,0.0,427499.0,529588.0,0.0
SGH,2025-05-07,21615665152,1.227,49.88,50.19,49.32,49.67,49.67,602789,49.187,0.0,0.0,0.0,448642.0,533182.0,0.0
SGH,2025-05-08,21615665152,1.227,49.96,50.85,49.52,50.42,50.42,407066,49.236,0.0,0.0,0.0,444976.0,533496.0,0.0
SGH,2025-05-09,21615665152,1.227,50.54,50.59,50.08,50.51,50.51,264612,49.286,0.0,0.0,0.0,434431.0,533529.0,0.0
SGI,2025-05-05,105569392,0.366,0.8,0.845,0.8,0.83,0.83,389199,0.711,0.503,0.87,0.18,226559.0,306331.0,244379.0
SGI,2025-05-06,105569392,0.366,0.835,0.835,0.79,0.83,0.83,180193,0.716,0.507,0.87,0.18,222549.0,308645.0,244853.0
SGI,2025-05-07,105569392,0.366,0.825,0.825,0.7725,0.815,0.815,207258,0.719,0.51,0.87,0.18,220256.0,311669.0,245100.0
SGI,2025-05-08,105569392,0.366,0.815,0.92,0.815,0.9,0.9,589470,0.727,0.514,0.9,0.18,247948.0,318650.0,248034.0
SGI,2025-05-09,105569392,0.366,0.9,0.9,0.835,0.895,0.895,111876,0.733,0.506,0.9,0.18,255939.0,274838.0,248580.0
SHA,2025-05-05,276349568,0.201,3.24,3.25,3.21,3.25,3.25,28337,3.034,2.709,3.25,1.899,31580.1,61472.6,75333.0
SHA,2025-05-06,276349568,0.201,3.245,3.28,3.24,3.28,3.28,133508,3.044,2.715,3.28,1.899,40876.9,58857.3,75685.8
SHA,2025-05-07,276349568,0.201,3.28,3.28,3.25,3.28,3.28,49730,3.053,2.72,3.28,1.927,40307.0,58107.4,75882.2
SHA,2025-05-08,276349568,0.201,3.27,3.28,3.24,3.28,3.28,793,3.062,2.726,3.28,1.927,37427.6,56566.4,75677.7
SHA,2025-05-09,276349568,0.201,3.25,3.25,3.2,3.23,3.23,782268,0.0,0.0,0.0,0.0,0.0,0.0,0.0
SIV,2025-05-05,7050000,0.355,0.15,0.15,0.15,0.15,0.15,0,0.15,0.153,0.16,0.145,0.0,0.0,3452.84
SIV,2025-05-06,7050000,0.355,0.15,0.15,0.15,0.15,0.15,0,0.15,0.153,0.16,0.145,0.0,0.0,3450.02
SIV,2025-05-07,7050000,0.355,0.15,0.15,0.15,0.15,0.15,0,0.15,0.153,0.16,0.145,0.0,0.0,3312.21
SIV,2025-05-08,7050000,0.355,0.15,0.15,0.15,0.15,0.15,0,0.15,0.153,0.16,0.145,0.0,0.0,3310.85
SIV,2025-05-09,7050000,0.355,0.15,0.15,0.15,0.15,0.15,0,0.15,0.152,0.16,0.145,0.0,0.0,3310.73
SKS,2025-05-05,195611104,1.039,1.92,1.925,1.83,1.83,1.83,188845,1.81,1.643,2.258,0.705,179510.0,209069.0,220483.0
SKS,2025-05-06,195611104,1.039,1.845,1.87,1.805,1.85,1.85,59922,1.812,1.645,2.258,0.705,173144.0,208326.0,220391.0
SKS,2025-05-07,195611104,1.039,1.85,1.85,1.78,1.81,1.81,77057,1.812,1.647,2.258,0.705,161881.0,207215.0,218987.0
SKS,2025-05-08,195611104,1.039,1.815,1.84,1.7925,1.825,1.825,95703,1.812,1.649,2.258,0.705,142618.0,196585.0,218304.0
SKS,2025-05-09,195611104,1.039,1.82,1.835,1.54,1.595,1.595,603962,1.804,1.648,2.258,0.705,181380.0,201838.0,220416.0
SLX,2025-05-05,842895232,0.349,3.21,3.31,3.1,3.12,3.12,787763,3.614,4.514,6.63,2.44,1350220.0,997858.0,652936.0
SLX,2025-05-06,842895232,0.349,3.06,3.1,2.675,2.7,2.7,2368878,3.578,4.496,6.63,2.44,1405810.0,1038710.0,662744.0
SLX,2025-05-07,842895232,0.349,2.77,3.005,2.77,2.98,2.98,1396684,3.555,4.481,6.63,2.44,1381050.0,1043190.0,667816.0
SLX,2025-05-08,842895232,0.349,2.92,3.18,2.92,3.13,3.13,1436601,3.538,4.467,6.63,2.44,1421380.0,1057800.0,672871.0
SLX,2025-05-09,842895232,0.349,3.12,3.12,2.93,2.95,2.95,728319,3.515,4.452,6.63,2.44,1407070.0,1056470.0,674223.0
SND,2025-05-05,95513320,-0.097,0.84,0.84,0.84,0.84,0.84,12618,0.873,0.884,1.085,0.748,10455.4,16109.6,33613.8
SND,2025-05-06,95513320,-0.097,0.84,0.84,0.815,0.815,0.815,39282,0.871,0.884,1.085,0.748,12489.8,16895.2,33537.9
SND,2025-05-07,95513320,-0.097,0.815,0.815,0.815,0.815,0.815,0,0.868,0.883,1.085,0.748,11018.1,16743.4,33537.9
SND,2025-05-08,95513320,-0.097,0.815,0.815,0.815,0.815,0.815,0,0.866,0.882,1.085,0.748,9695.86,16743.4,33537.9
SND,2025-05-09,95513320,-0.097,0.815,0.815,0.805,0.815,0.815,273493,0.864,0.871,1.085,0.748,27841.9,22213.2,34905.4
SRG,2025-05-05,908958272,0.853,1.3,1.325,1.29,1.305,1.305,1289720,1.251,1.157,1.434,0.772,1385880.0,3494790.0,2455400.0
SRG,2025-05-06,908958272,0.853,1.3,1.3175,1.295,1.305,1.305,1490776,1.253,1.158,1.434,0.772,1412070.0,3431100.0,2460490.0
SRG,2025-05-07,908958272,0.853,1.305,1.32,1.29,1.3,1.3,1901632,1.255,1.16,1.434,0.772,1437690.0,3324990.0,2469030.0
SRG,2025-05-08,908958272,0.853,1.32,1.37,1.3175,1.37,1.37,1636111,1.26,1.162,1.434,0.772,1476430.0,3303030.0,2461990.0
SRG,2025-05-09,908958272,0.853,1.37,1.415,1.37,1.4,1.4,1608009,1.265,1.145,1.434,0.772,1474210.0,3273470.0,2453250.0
SSM,2025-05-05,1191869056,0.55,1.875,1.875,1.84,1.845,1.845,1983247,1.747,1.55,1.87,1.134,1812830.0,1732390.0,1148990.0
SSM,2025-05-06,1191869056,0.55,1.85,1.885,1.85,1.865,1.865,2273757,1.752,1.553,1.87,1.134,1890240.0,1733930.0,1157070.0
SSM,2025-05-07,1191869056,0.55,1.865,1.905,1.86,1.895,1.895,2223606,1.757,1.557,1.895,1.134,1980670.0,1756870.0,1166960.0
SSM,2025-05-08,1191869056,0.55,1.905,1.915,1.89,1.9,1.9,1456440,1.763,1.56,1.9,1.134,1980450.0,1741250.0,1171550.0
SSM,2025-05-09,1191869056,0.55,1.92,1.92,1.885,1.905,1.905,1401660,1.769,1.564,1.905,1.134,1916510.0,1734420.0,1173830.0
SST,2025-05-05,419230880,0.181,13.5,13.5,13.5,13.5,13.5,0,13.633,13.68,15.926,13.396,24.29,15.46,80.46
SST,2025-05-06,419230880,0.181,13.5,13.5,13.5,13.5,13.5,0,13.628,13.678,15.926,13.396,24.14,15.44,80.46
SST,2025-05-07,419230880,0.181,13.5,13.5,13.5,13.5,13.5,0,13.623,13.676,15.926,13.396,24.14,15.42,80.46
SST,2025-05-08,419230880,0.181,13.5,13.5,13.5,13.5,13.5,0,13.618,13.675,15.926,13.396,20.21,15.42,80.46
SST,2025-05-09,419230880,0.181,13.5,13.5,13.5,13.5,13.5,0,13.613,13.928,15.926,13.396,20.21,15.42,80.06
SXE,2025-05-05,450817344,0.48,1.87,1.9,1.86,1.865,1.865,208193,1.678,1.554,1.87,1.351,475345.0,585704.0,568757.0
SXE,2025-05-06,450817344,0.48,1.87,1.9275,1.865,1.88,1.88,395364,1.686,1.557,1.88,1.368,481692.0,561901.0,569300.0
SXE,2025-05-07,450817344,0.48,1.88,1.895,1.84,1.89,1.89,291806,1.694,1.561,1.89,1.368,463253.0,557140.0,568227.0
SXE,2025-05-08,450817344,0.48,1.93,1.93,1.865,1.885,1.885,238847,1.702,1.564,1.89,1.368,453452.0,550130.0,561274.0
SXE,2025-05-09,450817344,0.48,1.9,1.9,1.875,1.895,1.895,346066,1.709,1.567,1.895,1.368,454328.0,550425.0,560550.0
SYL,2025-05-05,460513952,0.0,1.435,1.475,1.375,1.475,1.475,130476,1.688,0.0,0.0,0.0,53279.9,118426.0,0.0
SYL,2025-05-06,460513952,0.0,1.435,1.5,1.405,1.455,1.455,107668,1.679,0.0,0.0,0.0,56930.1,117739.0,0.0
SYL,2025-05-07,460513952,0.0,1.455,1.46,1.44,1.46,1.46,10886,1.671,0.0,0.0,0.0,54218.1,114262.0,0.0
SYL,2025-05-08,460513952,0.0,1.46,1.505,1.45,1.46,1.46,173725,1.662,0.0,0.0,0.0,62749.6,106878.0,0.0
SYL,2025-05-09,460513952,0.0,1.47,1.55,1.46,1.49,1.49,155067,0.0,0.0,0.0,0.0,0.0,0.0,0.0
TEA,2025-05-05,737221440,0.0,2.68,2.71,2.6,2.61,2.61,80892,2.624,2.375,3.295,1.395,156409.0,264825.0,241223.0
TEA,2025-05-06,737221440,0.0,2.61,2.61,2.58,2.59,2.59,73701,2.623,2.377,3.295,1.395,159075.0,265053.0,239370.0
TEA,2025-05-07,737221440,0.0,2.59,2.65,2.54,2.61,2.61,49301,2.622,2.379,3.295,1.395,153273.0,265813.0,238346.0
TEA,2025-05-08,737221440,0.0,2.65,2.74,2.63,2.7,2.7,191701,2.625,2.382,3.295,1.395,150977.0,266872.0,238174.0
TEA,2025-05-09,737221440,0.0,2.7,2.71,2.65,2.65,2.65,34014,0.0,0.0,0.0,0.0,0.0,0.0,0.0
VBC,2025-05-05,21879976,0.325,0.07,0.073,0.07,0.071,0.071,74914,0.088,0.115,0.165,0.071,11789.1,72497.3,86206.6
VBC,2025-05-06,21879976,0.325,0.07,0.07,0.07,0.07,0.07,28357,0.087,0.114,0.165,0.07,13814.6,73064.5,83706.5
VBC,2025-05-07,21879976,0.325,0.07,0.07,0.07,0.07,0.07,0,0.087,0.114,0.165,0.07,13814.6,73064.5,83588.2
VBC,2025-05-08,21879976,0.325,0.07,0.07,0.07,0.07,0.07,0,0.086,0.113,0.165,0.07,13752.2,72304.5,81657.5
VBC,2025-05-09,21879976,0.325,0.071,0.071,0.07,0.07,0.07,278015,0.0,0.0,0.0,0.0,0.0,0.0,0.0
VEE,2025-05-05,118302600,1.475,0.92,0.92,0.92,0.92,0.92,48017,0.922,1.229,1.901,0.765,64110.4,96139.6,120089.0
VEE,2025-05-06,118302600,1.475,0.895,0.935,0.895,0.9,0.9,4900,0.921,1.226,1.901,0.765,31947.2,92907.8,120105.0
VEE,2025-05-07,118302600,1.475,0.91,0.91,0.905,0.91,0.91,24100,0.921,1.222,1.886,0.765,30334.9,86572.9,119851.0
VEE,2025-05-08,118302600,1.475,0.92,0.935,0.9,0.93,0.93,5692,0.921,1.22,1.886,0.765,22794.4,85111.6,119681.0
VEE,2025-05-09,118302600,1.475,0.93,0.93,0.88,0.885,0.885,11255,0.0,0.0,0.0,0.0,0.0,0.0,0.0
VNT,2025-05-05,4131987712,0.331,4.35,4.38,4.315,4.34,4.34,2249308,4.103,3.991,4.631,3.246,3110000.0,2780990.0,2344000.0
VNT,2025-05-06,4131987712,0.331,4.34,4.45,4.34,4.44,4.44,1972649,4.116,3.995,4.631,3.246,2947560.0,2735730.0,2345540.0
VNT,2025-05-07,4131987712,0.331,4.45,4.51,4.42,4.49,4.49,2224412,4.131,4.0,4.631,3.246,2805510.0,2729610.0,2347900.0
VNT,2025-05-08,4131987712,0.331,4.51,4.63,4.5,4.57,4.57,2167434,4.148,4.007,4.631,3.246,2734070.0,2725950.0,2353810.0
VNT,2025-05-09,4131987712,0.331,4.58,4.66,4.55,4.64,4.64,2286551,0.0,0.0,0.0,0.0,0.0,0.0,0.0
WOR,2025-05-05,6925997568,0.761,12.3,12.33,11.89,12.04,12.04,2909214,13.182,13.931,15.295,11.42,2412740.0,2393490.0,1850170.0
WOR,2025-05-06,6925997568,0.761,12.03,12.08,11.84,11.96,11.96,1760586,13.134,13.911,15.295,11.42,2241700.0,2403940.0,1848910.0
WOR,2025-05-07,6925997568,0.761,12.03,12.19,11.95,12.05,12.05,3756889,13.091,13.893,15.295,11.42,2277750.0,2453010.0,1862100.0
WOR,2025-05-08,6925997568,0.761,12.17,12.47,12.115,12.44,12.44,2287761,13.066,13.878,15.295,11.42,2307280.0,2441960.0,1867850.0
WOR,2025-05-09,6925997568,0.761,12.46,12.66,12.435,12.57,12.57,1175149,13.046,13.865,15.295,11.42,2232290.0,2425490.0,1787560.0
XRF,2025-05-05,222046880,0.62,1.53,1.545,1.49,1.495,1.495,202506,1.712,1.668,2.15,1.188,495332.0,367486.0,262076.0
XRF,2025-05-06,222046880,0.62,1.51,1.52,1.495,1.51,1.51,99702,1.704,1.666,2.15,1.188,490099.0,356586.0,262051.0
XRF,2025-05-07,222046880,0.62,1.51,1.55,1.485,1.54,1.54,152206,1.698,1.665,2.15,1.188,481253.0,353923.0,261619.0
XRF,2025-05-08,222046880,0.62,1.55,1.55,1.5,1.54,1.54,141226,1.692,1.664,2.15,1.188,445944.0,349375.0,261709.0
XRF,2025-05-09,222046880,0.62,1.53,1.57,1.525,1.53,1.53,137998,1.685,1.645,2.15,1.188,406111.0,349093.0,259362.0
ZGL,2025-05-05,19524960,0.407,0.076,0.076,0.075,0.075,0.075,106100,0.075,0.069,0.09,0.047,68194.9,37111.5,24118.7
ZGL,2025-05-06,19524960,0.407,0.077,0.077,0.077,0.077,0.077,26,0.075,0.069,0.09,0.047,68196.8,37112.0,23447.6
ZGL,2025-05-07,19524960,0.407,0.077,0.077,0.077,0.077,0.077,0,0.075,0.069,0.09,0.047,68196.8,35112.0,23087.4
ZGL,2025-05-08,19524960,0.407,0.075,0.075,0.075,0.075,0.075,66709,0.075,0.069,0.09,0.047,72961.7,36446.2,23311.2
ZGL,2025-05-09,19524960,0.407,0.075,0.075,0.075,0.075,0.075,23291,0.075,0.07,0.09,0.047,74625.4,36912.0,23427.7
